adquery;.traitement_ad
cnt;.traitement_alpha
extractbloc;.traitement_alpha
format;.traitement_alpha
garder;.traitement_alpha
infoatt;.traitement_alpha
join;.traitement_alpha
json;.traitement_alpha
len;.traitement_alpha
lower;.traitement_alpha
ren;.traitement_alpha
round;.traitement_alpha
set;.traitement_alpha
split;.traitement_alpha
strip;.traitement_alpha
sub;.traitement_alpha
supp;.traitement_alpha
supp_classe;.traitement_alpha
to_date;.traitement_alpha
txtstruct;.traitement_alpha
upper;.traitement_alpha
archive;.traitement_archives
checksum;.traitement_archives
zip;.traitement_archives
zipdir;.traitement_archives
zipextract;.traitement_archives
stat;.traitement_aux
crypt;.traitement_crypt
decrypt;.traitement_crypt
dfgraph;.traitement_dataviz
dfload;.traitement_dataviz
dfset;.traitement_dataviz
dfwrite;.traitement_dataviz
dbalpha;.traitement_db
dbcheck;.traitement_db
dbclean;.traitement_db
dbclose;.traitement_db
dbcount;.traitement_db
dbextdump;.traitement_db
dbextload;.traitement_db
dbgeo;.traitement_db
dblast;.traitement_db
dblist;.traitement_db
dbmap_qgs;.traitement_db
dbmaxval;.traitement_db
dbreq;.traitement_db
dbschema;.traitement_db
dbselect;.traitement_db
dbset;.traitement_db
dbtmp;.traitement_db
dbupdate;.traitement_db
dbwrite;.traitement_db
runproc;.traitement_db
runsql;.traitement_db
attwriter;.traitement_divers
compare;.traitement_divers
getkey;.traitement_divers
loadconfig;.traitement_divers
log;.traitement_divers
merge;.traitement_divers
objgroup;.traitement_divers
preload;.traitement_divers
sortir;.traitement_divers
tmpstore;.traitement_divers
unique;.traitement_divers
addgeom;.traitement_geom
aire;.traitement_geom
change_couleur;.traitement_geom
coordp;.traitement_geom
csplit;.traitement_geom
emprise;.traitement_geom
extract_couleur;.traitement_geom
force_ligne;.traitement_geom
force_pt;.traitement_geom
forcepoly;.traitement_geom
geom;.traitement_geom
geom2D;.traitement_geom
geom3D;.traitement_geom
grid;.traitement_geom
gridx;.traitement_geom
gridy;.traitement_geom
longueur;.traitement_geom
mod3D;.traitement_geom
multigeom;.traitement_geom
prolonge;.traitement_geom
reproj;.traitement_geom
resetgeom;.traitement_geom
setpoint;.traitement_geom
split_couleur;.traitement_geom
splitgeom;.traitement_geom
translate;.traitement_geom
hdel;.traitement_hstore
hget;.traitement_hstore
hset;.traitement_hstore
hsplit;.traitement_hstore
map;.traitement_mapping
map_data;.traitement_mapping
abspath;.traitement_os
infofich;.traitement_os
listefich;.traitement_os
namejoin;.traitement_os
namesplit;.traitement_os
os_copy;.traitement_os
os_del;.traitement_os
os_move;.traitement_os
os_ren;.traitement_os
run;.traitement_os
compare_schema;.traitement_schema
cree_schema;.traitement_schema
force_alias;.traitement_schema
info_schema;.traitement_schema
lire_schema;.traitement_schema
liste_tables;.traitement_schema
map_schema;.traitement_schema
match_schema;.traitement_schema
sc_add_attr;.traitement_schema
sc_change_type;.traitement_schema
sc_ordre;.traitement_schema
sc_supp_attr;.traitement_schema
schema;.traitement_schema
set_schema;.traitement_schema
supp_enums;.traitement_schema
valide_schema;.traitement_schema
angle;.traitement_shapely
buffer;.traitement_shapely
centre;.traitement_shapely
geomerge;.traitement_shapely
geoselect;.traitement_shapely
r_min;.traitement_shapely
download;.traitement_web
ftp_download;.traitement_web
ftp_upload;.traitement_web
geocode;.traitement_web
qwc2url;.traitement_web
s3upload;.traitement_web
wfsload;.traitement_web
abort;.traitement_workflow
attencode;.traitement_workflow
attload;.traitement_workflow
attreader;.traitement_workflow
attsave;.traitement_workflow
batch;.traitement_workflow
bloc;.traitement_workflow
boucle;.traitement_workflow
call;.traitement_workflow
charge;.traitement_workflow
creobj;.traitement_workflow
end;.traitement_workflow
end_parallel;.traitement_workflow
fail;.traitement_workflow
filter;.traitement_workflow
fin_bloc;.traitement_workflow
geomprocess;.traitement_workflow
idle;.traitement_workflow
liste_schema;.traitement_workflow
next;.traitement_workflow
parallel;.traitement_workflow
paramgroups;.traitement_workflow
pass;.traitement_workflow
print;.traitement_workflow
printv;.traitement_workflow
reel;.traitement_workflow
resetlog;.traitement_workflow
retour;.traitement_workflow
retry;.traitement_workflow
return;.traitement_workflow
sample;.traitement_workflow
sleep;.traitement_workflow
start;.traitement_workflow
statprint;.traitement_workflow
statprocess;.traitement_workflow
sync;.traitement_workflow
testobj;.traitement_workflow
version;.traitement_workflow
virtuel;.traitement_workflow
formated_save;.traitement_xml
xml_load;.traitement_xml
xml_save;.traitement_xml
xmledit;.traitement_xml
xmlextract;.traitement_xml
xmlsplit;.traitement_xml
xmlstruct;.traitement_xml
